CREATE DATABASE QLKB

DROP DATABASE QLKB

USE QLKB

--SET DATEFORMAT DMY

CREATE TABLE BENHNHAN
(
	MABN char(5) PRIMARY KEY,
	HOTENBN nvarchar(50),
	NGAYSINH smalldatetime,
	CCCD nvarchar(12),
	SOBHYT nvarchar(15),
	BHYTCHITRA float,
	DIACHI nvarchar(100),
)

CREATE TABLE BACSI
(
	MABS char(5) PRIMARY KEY,
	HOTENBS nvarchar(50),
	NGAYBDLV smalldatetime,
	CHUYENKHOA nvarchar(50),
)

CREATE TABLE KHAMBENH
(
	MAKB char(5) PRIMARY KEY,
	MABN char(5),
	MABS char(5),
	NGAYKHAM smalldatetime,
	TRIEUCHUNG nvarchar(255),
	KETLUAN nvarchar(255),
	TAIKHAM int,
	FOREIGN KEY (MABN) REFERENCES BENHNHAN(MABN),
	FOREIGN KEY (MABS) REFERENCES BACSI(MABS)
)

CREATE TABLE THUOC
(
	MATHUOC char(5) PRIMARY KEY,
	TENTHUOC nvarchar(50),
	LOAITHUOC nvarchar(50),
	DVT nvarchar(20),
	DONGIA money,
)

CREATE TABLE DONTHUOC
(
	MADT char(5) PRIMARY KEY,
	MAKB char(5),
	TRIGIADT money,
	BHYTCHITRA float,
	NGAYCAPTHUOC smalldatetime,
	TONGTIENTT money,
	TINHTRANGDT nvarchar(30),
	FOREIGN KEY (MAKB) REFERENCES KHAMBENH(MAKB)
)

CREATE TABLE CHITIETDT
(
	MADT char(5),
	MATHUOC char(5),
	SOLUONG int,
	THANHTIEN money,
	FOREIGN KEY (MATHUOC) REFERENCES THUOC(MATHUOC),
	FOREIGN KEY (MADT) REFERENCES DONTHUOC(MADT)
)


-- Bảng BENHNHAN
INSERT INTO BENHNHAN (MABN, HOTENBN, NGAYSINH, CCCD, SOBHYT, BHYTCHITRA, DIACHI) VALUES
('BN001', 'Nguyen Van Anh', '1985-02-15', '748942819283', 'BHYT001', 0.15, 'Tp.HCM'),
('BN002', 'Tran Thi Binh', '1990-06-20', '746382904712', Null, 0, 'Tp.HCM'),
('BN003', 'Le Van Cuong', '1982-12-10', '742836728987', 'BHYT003', 0.25, 'Tp.HCM'),
('BN004', 'Pham Thi Duong', '1978-03-25', '764738927728', 'BHYT004', 0.15, 'Can Tho'),
('BN005', 'Nguyen Van Bao', '1995-09-15', '745839872712', Null, 0, 'Dong Nai'),
('BN006', 'Tran Van Trung', '1988-11-22', '736378927762', 'BHYT006', 0.15, 'Binh Duong'),
('BN007', 'Pham Thi Giang', '2000-01-01', '763512536847', 'BHYT007', 0.35, 'Tp.HCM'),
('BN008', 'Nguyen Thi Huyen', '1986-07-30', '784391823154', 'BHYT008', 0.25, 'Binh Dinh'),
('BN009', 'Le Van Trinh', '1993-10-05', '748927736275', 'BHYT009', 0.15, 'Tp.HCM'),
('BN010', 'Nguyen Thi Nhung', '1984-04-18', '744343235675', 'BHYT010', 0.25, 'Tay Ninh');

-- Bảng BACSI
INSERT INTO BACSI (MABS, HOTENBS, NGAYBDLV, CHUYENKHOA) VALUES
('BS001', 'Do Van An', '2017-05-15', 'Tai mui hong'),
('BS002', 'Nguyen Van Bach', '2017-08-22', 'Noi khoa'),
('BS003', 'Pham Van Truong', '2018-11-30', 'Ngoai khoa'),
('BS004', 'Tran Thi My', '2019-03-05', 'Tai mui hong'),
('BS005', 'Le Van Chinh', '2019-07-10', 'Ngoai khoa');

-- Bảng KHAMBENH
INSERT INTO KHAMBENH (MAKB, MABN, MABS, NGAYKHAM, TRIEUCHUNG, KETLUAN, TAIKHAM) VALUES
('KB001', 'BN001', 'BS001', '2024-12-01', 'Sot cao, ho', 'Viem hong', 3),
('KB002', 'BN002', 'BS001', '2024-12-01', 'Dau dau, met moi', 'Cam cum', 3),
('KB003', 'BN003', 'BS002', '2024-12-02', 'Khan tieng, ho', 'Viem thanh quan', 6),
('KB004', 'BN004', 'BS002', '2024-12-02', 'Dau bung', 'Roi loan tieu hoa', 6),
('KB005', 'BN001', 'BS001', '2024-12-05', 'Noi man do', 'Di ung', 12),
('KB006', 'BN002', 'BS001', '2024-12-05', 'Dau hong', 'Viem hong', 3),
('KB007', 'BN005', 'BS003', '2024-12-05', 'Sot cao', 'Sot sieu vi', 6),
('KB008', 'BN003', 'BS002', '2024-12-07', 'Noi hach', 'Viem hach', 6),
('KB009', 'BN006', 'BS004', '2024-12-07', 'Dau khop', 'Viem khop', 12),
('KB010', 'BN005', 'BS002', '2024-12-09', 'Noi man ngua', 'Phat ban', 3);

-- Bảng THUOC
INSERT INTO THUOC (MATHUOC, TENTHUOC, LOAITHUOC, DVT, DONGIA) VALUES
('TH001', 'Paracetamol 500mg', 'Thuoc giam dau', 'Vien', 5000),
('TH002', 'Amoxicillin 250mg', 'Thuoc khang sinh', 'Vien', 10000),
('TH003', 'Ibuprofen 400mg', 'Thuoc khang viem', 'Vien', 15000),
('TH004', 'Loratadine 10mg', 'Thuoc di ung', 'Hop', 120000),
('TH005', 'Cefuroxime 500mg', 'Thuoc khang sinh', 'Vien', 20000),
('TH006', 'Omeprazole 20mg', 'Thuoc da day', 'Vien', 8000),
('TH007', 'Vitamin C 1000mg', 'Vitamin dinh duong', 'Vien', 7000),
('TH008', 'Diclofenac 50mg', 'Thuoc giam dau', 'Hop', 180000),
('TH009', 'Dextromethorphan 15mg', 'Thuoc giam ho', 'Vien', 6000),
('TH010', 'Cetirizine 10mg', 'Thuoc di ung', 'Vien', 11000);

-- Bảng DONTHUOC
INSERT INTO DONTHUOC (MADT, MAKB, TRIGIADT, BHYTCHITRA, NGAYCAPTHUOC, TONGTIENTT, TINHTRANGDT) VALUES
('DT001', 'KB001', 84000, 0.15, '2024-12-01', 71400, 'Da thanh toan'),
('DT002', 'KB002', 130000, 0, '2024-12-01', 130000, 'Da thanh toan'),
('DT003', 'KB003', 344000, 0.25, '2024-12-02', 258000, 'Da thanh toan'),
('DT004', 'KB004', 78000, 0.15, '2024-12-02', 66300, 'Da thanh toan'),
('DT005', 'KB005', 142000, 0.15, '2024-12-02', 120700, 'Da thanh toan'),
('DT006', 'KB006', 60000, 0, '2024-12-03', 60000, 'Da thanh toan'),
('DT007', 'KB007', 300000, 0, '2024-12-03', 300000, 'Da thanh toan');


-- Bảng CHITIETDT
INSERT INTO CHITIETDT (MADT, MATHUOC, SOLUONG, THANHTIEN) VALUES
('DT001', 'TH001', 4, 20000),
('DT001', 'TH002', 4, 40000),
('DT001', 'TH009', 4, 24000),
('DT002', 'TH001', 3, 15000),
('DT002', 'TH003', 3, 45000),
('DT002', 'TH007', 10, 70000),
('DT003', 'TH003', 4, 60000),
('DT003', 'TH005', 4, 80000),
('DT003', 'TH008', 1, 180000),
('DT003', 'TH009', 4, 24000),
('DT004', 'TH001', 6, 30000),
('DT004', 'TH006', 6, 48000),
('DT005', 'TH004', 1, 120000),
('DT005', 'TH010', 2, 22000),
('DT006', 'TH009', 10, 60000),
('DT007', 'TH001', 10, 50000),
('DT007', 'TH002', 10, 100000),
('DT007', 'TH006', 10, 80000),
('DT007', 'TH007', 10, 70000);

-- 2.1
ALTER TABLE DONTHUOC
ADD CONSTRAINT CHECK_BHYT_CHI_TRA CHECK (BHYTCHITRA BETWEEN 0 AND 0.7)

-- 2.2
ALTER TABLE DONTHUOC
ADD CONSTRAINT CHECK_TINH_TRANG CHECK (TINHTRANGDT IN ('Da thanh toan', 'Chua thanh toan'))

-- 2.3
CREATE TRIGGER trigger_23
ON CHITIETDT
FOR INSERT
AS
BEGIN 
	UPDATE DONTHUOC
	SET TRIGIADT = (
		SELECT SUM(THANHTIEN)
		FROM CHITIETDT
		WHERE DONTHUOC.MADT = CHITIETDT.MADT
	)
	WHERE DONTHUOC.MADT IN (
		SELECT MADT
		FROM inserted
	)
END

-- 3.1
SELECT BACSI.MABS, HOTENBS, BENHNHAN.MABN, HOTENBN
FROM BACSI
JOIN KHAMBENH ON KHAMBENH.MABS = BACSI.MABS
JOIN BENHNHAN ON BENHNHAN.MABN = KHAMBENH.MABN
WHERE CHUYENKHOA = 'Tai mui hong' AND YEAR(NGAYKHAM) = 2024

-- 3.2
SELECT BENHNHAN.MABN, HOTENBN
FROM BENHNHAN
JOIN KHAMBENH ON KHAMBENH.MABN = BENHNHAN.MABN
WHERE YEAR(NGAYKHAM) = 2024 AND EXISTS (
	SELECT 1
	FROM DONTHUOC
	WHERE DONTHUOC.MAKB = KHAMBENH.MAKB AND TINHTRANGDT = 'Chua thanh toan' AND TONGTIENTT >= 100000
)

-- 3.3
SELECT DONTHUOC.MADT, MAKB
FROM DONTHUOC
JOIN CHITIETDT ON CHITIETDT.MADT = DONTHUOC.MADT
JOIN THUOC ON THUOC.MATHUOC = CHITIETDT.MATHUOC
WHERE YEAR(NGAYCAPTHUOC) = 2024 AND TINHTRANGDT = 'Da thanh toan' AND LOAITHUOC = 'Thuoc di ung'
GROUP BY DONTHUOC.MADT, MAKB
HAVING COUNT(DISTINCT THUOC.MATHUOC) = (
	SELECT COUNT(DISTINCT MATHUOC)
	FROM THUOC
	WHERE LOAITHUOC = 'Thuoc di ung'
)

-- 3.4
SELECT BENHNHAN.MABN, HOTENBN, COUNT(MADT)
FROM BENHNHAN
JOIN KHAMBENH ON KHAMBENH.MABN = BENHNHAN.MABN
JOIN DONTHUOC ON DONTHUOC.MAKB = KHAMBENH.MAKB
WHERE YEAR(NGAYCAPTHUOC) = 2024 AND TINHTRANGDT = 'Da thanh toan' AND SOBHYT IS NULL
GROUP BY BENHNHAN.MABN, HOTENBN

-- 3.5
SELECT BENHNHAN.MABN, HOTENBN
FROM (
	SELECT TOP 1 WITH TIES MABN
	FROM KHAMBENH
	GROUP BY MABN
	ORDER BY COUNT(MAKB) ASC
) AS BENHNHANKHAMBENHITNHAT 
JOIN BENHNHAN ON BENHNHAN.MABN = BENHNHANKHAMBENHITNHAT.MABN
JOIN KHAMBENH ON KHAMBENH.MABN = BENHNHAN.MABN
JOIN DONTHUOC ON DONTHUOC.MAKB = KHAMBENH.MAKB
WHERE YEAR(NGAYCAPTHUOC) = 2024 AND TINHTRANGDT = 'Da thanh toan' AND TONGTIENTT < 100000


